-- Basis-Daten explizit für das Wacken-Open-Air. Enthält:
--    # Vordefinierte UHSen und Bereiche
--    # Kliniken im Umkreis zum Festival
--    # Oberkategorien und Verletzungsmuster für PZCs



-- Unfallhilfsstellen
INSERT INTO UHS_DEFINITION (UHST_ID, NAME) VALUES (1, 'BHP');
INSERT INTO UHS_DEFINITION (UHST_ID, NAME) VALUES (2, 'Wackinger');
INSERT INTO UHS_DEFINITION (UHST_ID, NAME) VALUES (3, 'RKISH');



-- Standardbereiche für BHP, Wackinger, RKISH
INSERT INTO BEREICHE (UHST_ID,NAME,CAPACITY) VALUES (1,'Sitzend',NULL);
INSERT INTO BEREICHE (UHST_ID,NAME,CAPACITY) VALUES (1,'Liegend',NULL);
INSERT INTO BEREICHE (UHST_ID,NAME,CAPACITY) VALUES (1,'ITS',NULL);
INSERT INTO BEREICHE (UHST_ID,NAME,CAPACITY) VALUES (1,'ZAB',NULL);
INSERT INTO BEREICHE (UHST_ID,NAME,CAPACITY) VALUES (2,'Normal',NULL);
INSERT INTO BEREICHE (UHST_ID,NAME,CAPACITY) VALUES (2,'Notfall',NULL);
INSERT INTO BEREICHE (UHST_ID,NAME,CAPACITY) VALUES (3,'Normal',NULL);
INSERT INTO BEREICHE (UHST_ID,NAME,CAPACITY) VALUES (3,'Notfall',NULL);
INSERT INTO BEREICHE (UHST_ID,NAME,CAPACITY) VALUES (1,'ITS - Chirugisch',NULL);
INSERT INTO BEREICHE (UHST_ID,NAME,CAPACITY) VALUES (1,'ISO',NULL);



-- Kliniken definieren
INSERT INTO KLINIKEN (KLINIK_NAME) VALUES ('Agaplesion Diakonieklinikum Hamburg');
INSERT INTO KLINIKEN (KLINIK_NAME) VALUES ('AKK Altonaer Kinderkrankenhaus');
INSERT INTO KLINIKEN (KLINIK_NAME) VALUES ('Albertinen-Krankenhaus');
INSERT INTO KLINIKEN (KLINIK_NAME) VALUES ('Ameos Klinikum Eutin');
INSERT INTO KLINIKEN (KLINIK_NAME) VALUES ('Ameos Klinikum Fehmarn');
INSERT INTO KLINIKEN (KLINIK_NAME) VALUES ('Ameos Klinikum Oldenburg');
INSERT INTO KLINIKEN (KLINIK_NAME) VALUES ('Ameos Klinikum Oldenburg Neurologie');
INSERT INTO KLINIKEN (KLINIK_NAME) VALUES ('Asklepios Klinik Altona');
INSERT INTO KLINIKEN (KLINIK_NAME) VALUES ('Asklepios Klinik Bad Oldesloe');
INSERT INTO KLINIKEN (KLINIK_NAME) VALUES ('Asklepios Klinik Nord - Heidberg');
INSERT INTO KLINIKEN (KLINIK_NAME) VALUES ('Asklepios Krankenhaus Westerland');
INSERT INTO KLINIKEN (KLINIK_NAME) VALUES ('BG Klinikum Harburg');
INSERT INTO KLINIKEN (KLINIK_NAME) VALUES ('Diako Flensburg');
INSERT INTO KLINIKEN (KLINIK_NAME) VALUES ('DRK Krankenhaus Ratzeburg');
INSERT INTO KLINIKEN (KLINIK_NAME) VALUES ('Franziskus Flensburg');
INSERT INTO KLINIKEN (KLINIK_NAME) VALUES ('Friedrich-Ebert-Krankenhaus Neumünster');
INSERT INTO KLINIKEN (KLINIK_NAME) VALUES ('Helios Krankenhaus Schleswig');
INSERT INTO KLINIKEN (KLINIK_NAME) VALUES ('imland Klinik Eckernförde');
INSERT INTO KLINIKEN (KLINIK_NAME) VALUES ('imland Klinik Rendsburg');
INSERT INTO KLINIKEN (KLINIK_NAME) VALUES ('Inseklinik Föhr-Amrum');
INSERT INTO KLINIKEN (KLINIK_NAME) VALUES ('Johanniter Krankenhaus Geesthacht');
INSERT INTO KLINIKEN (KLINIK_NAME) VALUES ('Klinik Manhagen');
INSERT INTO KLINIKEN (KLINIK_NAME) VALUES ('Klinik Preetz');
INSERT INTO KLINIKEN (KLINIK_NAME) VALUES ('Klinikum Husum');
INSERT INTO KLINIKEN (KLINIK_NAME) VALUES ('Klinikum Itzehoe');
INSERT INTO KLINIKEN (KLINIK_NAME) VALUES ('Klinikum Niebüll');
INSERT INTO KLINIKEN (KLINIK_NAME) VALUES ('Krankenhaus Reinbek St. Adolf Stift');
INSERT INTO KLINIKEN (KLINIK_NAME) VALUES ('Lubinus Stiftung Kiel');
INSERT INTO KLINIKEN (KLINIK_NAME) VALUES ('Paracelsus-Klinik Henstedt-Ulzburg');
INSERT INTO KLINIKEN (KLINIK_NAME) VALUES ('Paracelsus-Nordseeklinik Helgoland');
INSERT INTO KLINIKEN (KLINIK_NAME) VALUES ('Regio Klinikum Elmshorn');
INSERT INTO KLINIKEN (KLINIK_NAME) VALUES ('Regio Klinikum Pinneberg');
INSERT INTO KLINIKEN (KLINIK_NAME) VALUES ('Sana Kliniken Lübeck');
INSERT INTO KLINIKEN (KLINIK_NAME) VALUES ('Schön Klinik Neustadt');
INSERT INTO KLINIKEN (KLINIK_NAME) VALUES ('Segeberger Kliniken');
INSERT INTO KLINIKEN (KLINIK_NAME) VALUES ('Städtisches Krankenhaus Kiel');
INSERT INTO KLINIKEN (KLINIK_NAME) VALUES ('UKSH Campus Kiel');
INSERT INTO KLINIKEN (KLINIK_NAME) VALUES ('UKSH Campus Lübeck');
INSERT INTO KLINIKEN (KLINIK_NAME) VALUES ('Westküstenklinikum Brunsbüttel');
INSERT INTO KLINIKEN (KLINIK_NAME) VALUES ('Westküstenklinikum Heide');
INSERT INTO KLINIKEN (KLINIK_NAME) VALUES ('Universitätsklinikum Eppendorf');



-- Fahrzeuge (Aktuell nicht verwendet)
INSERT INTO FAHRZEUGE (RUFNAME) VALUES ('NEF 10-82-01 WKK');
INSERT INTO FAHRZEUGE (RUFNAME) VALUES ('NEF 40-82-01 SEG');
INSERT INTO FAHRZEUGE (RUFNAME) VALUES ('RTW 20-83-03 IZ');
INSERT INTO FAHRZEUGE (RUFNAME) VALUES ('RTW 30-83-07 ELM');
INSERT INTO FAHRZEUGE (RUFNAME) VALUES ('RTW 40-83-06 Kaki');
INSERT INTO FAHRZEUGE (RUFNAME) VALUES ('RTW 11-83-01 HEI');
INSERT INTO FAHRZEUGE (RUFNAME) VALUES ('RTW 30-83-06 WED');
INSERT INTO FAHRZEUGE (RUFNAME) VALUES ('RTW 90-83-02 Eck');
INSERT INTO FAHRZEUGE (RUFNAME) VALUES ('RTW 90-83-04 RD');
INSERT INTO FAHRZEUGE (RUFNAME) VALUES ('RTW 10-83-02 Ost');
INSERT INTO FAHRZEUGE (RUFNAME) VALUES ('RTW 20-83-02 IZ');
INSERT INTO FAHRZEUGE (RUFNAME) VALUES ('RTW 80-83-01 SE');
INSERT INTO FAHRZEUGE (RUFNAME) VALUES ('RTW 90-83-03');
INSERT INTO FAHRZEUGE (RUFNAME) VALUES ('KTW 90-85-12 Fuhr');
INSERT INTO FAHRZEUGE (RUFNAME) VALUES ('KTW 20-85-01 IZ');



-- PZC-Oberkategorien
INSERT INTO PZC_CATEGORIES (CAT_ID,CAT_DESCRIPTION) VALUES (112,'00X Patientenzustand');
INSERT INTO PZC_CATEGORIES (CAT_ID,CAT_DESCRIPTION) VALUES (113,'02X Situationsbeschreibung');
INSERT INTO PZC_CATEGORIES (CAT_ID,CAT_DESCRIPTION) VALUES (114,'09X Sondereinsätze');
INSERT INTO PZC_CATEGORIES (CAT_ID,CAT_DESCRIPTION) VALUES (115,'11X Patientenzustand');
INSERT INTO PZC_CATEGORIES (CAT_ID,CAT_DESCRIPTION) VALUES (116,'13X Reanimation');
INSERT INTO PZC_CATEGORIES (CAT_ID,CAT_DESCRIPTION) VALUES (117,'20X Verletzungen/Unfälle');
INSERT INTO PZC_CATEGORIES (CAT_ID,CAT_DESCRIPTION) VALUES (118,'21X Verletzungen/Unfälle - Mehrfach');
INSERT INTO PZC_CATEGORIES (CAT_ID,CAT_DESCRIPTION) VALUES (119,'22X Verletzungen/Unfälle - Gesicht/Kopf');
INSERT INTO PZC_CATEGORIES (CAT_ID,CAT_DESCRIPTION) VALUES (120,'23X Verletzungen/Unfälle - Thorax');
INSERT INTO PZC_CATEGORIES (CAT_ID,CAT_DESCRIPTION) VALUES (121,'24X Verletzungen/Unfälle - Abdomen');
INSERT INTO PZC_CATEGORIES (CAT_ID,CAT_DESCRIPTION) VALUES (122,'25X Verletzungen/Unfälle - Wirbelsäule');
INSERT INTO PZC_CATEGORIES (CAT_ID,CAT_DESCRIPTION) VALUES (123,'26X Verletzungen/Unfälle - Becken');
INSERT INTO PZC_CATEGORIES (CAT_ID,CAT_DESCRIPTION) VALUES (124,'27X Verletzungen/Unfälle - Extremitäten/Prellung/Luxation');
INSERT INTO PZC_CATEGORIES (CAT_ID,CAT_DESCRIPTION) VALUES (125,'28X Verletzungen/Unfälle - Unfall physikalisch/chemisch');
INSERT INTO PZC_CATEGORIES (CAT_ID,CAT_DESCRIPTION) VALUES (126,'29X Verletzungen/Unfälle - Gefäß');
INSERT INTO PZC_CATEGORIES (CAT_ID,CAT_DESCRIPTION) VALUES (127,'31X Erkrankungen - Atmung/Lunge');
INSERT INTO PZC_CATEGORIES (CAT_ID,CAT_DESCRIPTION) VALUES (128,'33X Erkrankungen - Brustschmerz');
INSERT INTO PZC_CATEGORIES (CAT_ID,CAT_DESCRIPTION) VALUES (129,'34X Erkrankungen - Brustschmerz');
INSERT INTO PZC_CATEGORIES (CAT_ID,CAT_DESCRIPTION) VALUES (130,'35X Erkrankungen - Abdomen');
INSERT INTO PZC_CATEGORIES (CAT_ID,CAT_DESCRIPTION) VALUES (131,'36X Erkrankungen - Intoxikation');
INSERT INTO PZC_CATEGORIES (CAT_ID,CAT_DESCRIPTION) VALUES (132,'37X Erkrankungen - spezielle Infektionen');
INSERT INTO PZC_CATEGORIES (CAT_ID,CAT_DESCRIPTION) VALUES (133,'39X Erkrankungen - sonstige');
INSERT INTO PZC_CATEGORIES (CAT_ID,CAT_DESCRIPTION) VALUES (134,'41X spezielle Erkrankungen/Verletzung - neurologisch');
INSERT INTO PZC_CATEGORIES (CAT_ID,CAT_DESCRIPTION) VALUES (135,'42X spezielle Erkrankungen/Verletzung - neurologisch');
INSERT INTO PZC_CATEGORIES (CAT_ID,CAT_DESCRIPTION) VALUES (136,'43X spezielle Erkrankungen/Verletzung - psychiatrisch');
INSERT INTO PZC_CATEGORIES (CAT_ID,CAT_DESCRIPTION) VALUES (137,'51X spezielle Erkrankungen/Verletzung - pädiatrisch');
INSERT INTO PZC_CATEGORIES (CAT_ID,CAT_DESCRIPTION) VALUES (138,'52X Schwangerschaft/Geburtshilfe - präklinsche Geburt/Wehen');
INSERT INTO PZC_CATEGORIES (CAT_ID,CAT_DESCRIPTION) VALUES (139,'53X Schwangerschaft/Geburtshilfe - einsetzende Geburt/Wehen');
INSERT INTO PZC_CATEGORIES (CAT_ID,CAT_DESCRIPTION) VALUES (140,'54X Schwangerschaft/Geburtshilfe - Notfall in der Schwangerschaft');
INSERT INTO PZC_CATEGORIES (CAT_ID,CAT_DESCRIPTION) VALUES (141,'55X spezielle Erkrankungen/Verletzung - gynäkologisch');
INSERT INTO PZC_CATEGORIES (CAT_ID,CAT_DESCRIPTION) VALUES (142,'60X Sonstige Einsätze und Transporte');
INSERT INTO PZC_CATEGORIES (CAT_ID,CAT_DESCRIPTION) VALUES (143,'61X Sonstige Einsätze und Transporte');
INSERT INTO PZC_CATEGORIES (CAT_ID,CAT_DESCRIPTION) VALUES (144,'62X Sekundäreinsätze und Transporte');
INSERT INTO PZC_CATEGORIES (CAT_ID,CAT_DESCRIPTION) VALUES (145,'63X Sekundäreinsätze mit Arzt');
INSERT INTO PZC_CATEGORIES (CAT_ID,CAT_DESCRIPTION) VALUES (146,'70X Erkrankungen');
INSERT INTO PZC_CATEGORIES (CAT_ID,CAT_DESCRIPTION) VALUES (147,'71X Erkrankungen - urologisch');
INSERT INTO PZC_CATEGORIES (CAT_ID,CAT_DESCRIPTION) VALUES (148,'72X Erkrankungen - Augen');
INSERT INTO PZC_CATEGORIES (CAT_ID,CAT_DESCRIPTION) VALUES (149,'73X Erkrankungen - Hals/Nasen/Ohren');
INSERT INTO PZC_CATEGORIES (CAT_ID,CAT_DESCRIPTION) VALUES (150,'74X Erkrankungen - Mund/Kiefer/Gesicht');
INSERT INTO PZC_CATEGORIES (CAT_ID,CAT_DESCRIPTION) VALUES (151,'75X Erkrankungen - geriatrisch');
INSERT INTO PZC_CATEGORIES (CAT_ID,CAT_DESCRIPTION) VALUES (152,'77X Unbestimmte Notfallsituationen');
INSERT INTO PZC_CATEGORIES (CAT_ID,CAT_DESCRIPTION) VALUES (153,'80X Allgemeinmedizin');
INSERT INTO PZC_CATEGORIES (CAT_ID,CAT_DESCRIPTION) VALUES (154,'90X MANV');



-- Patienten-Zuweisungs-Codes
INSERT INTO PZC (PZC,DESCRIPTION,PZC_CAT_ID) VALUES ('002','Bewusstlos',112);
INSERT INTO PZC (PZC,DESCRIPTION,PZC_CAT_ID) VALUES ('003','Päd.-Bewusstlos',112);
INSERT INTO PZC (PZC,DESCRIPTION,PZC_CAT_ID) VALUES ('004','Somnolent',112);
INSERT INTO PZC (PZC,DESCRIPTION,PZC_CAT_ID) VALUES ('005','Hilflose Person',112);
INSERT INTO PZC (PZC,DESCRIPTION,PZC_CAT_ID) VALUES ('006','Akute Atemnot',112);
INSERT INTO PZC (PZC,DESCRIPTION,PZC_CAT_ID) VALUES ('007','Kindesmisshandlung',112);
INSERT INTO PZC (PZC,DESCRIPTION,PZC_CAT_ID) VALUES ('008','NA-Nachforderung durch RTW',112);
INSERT INTO PZC (PZC,DESCRIPTION,PZC_CAT_ID) VALUES ('009','Fruchtwasserabgang',112);
INSERT INTO PZC (PZC,DESCRIPTION,PZC_CAT_ID) VALUES ('010','Krebserkrankung/ Tumorleiden',112);
INSERT INTO PZC (PZC,DESCRIPTION,PZC_CAT_ID) VALUES ('020','Arbeitsunfall',113);
INSERT INTO PZC (PZC,DESCRIPTION,PZC_CAT_ID) VALUES ('021','Bahnunfall',113);
INSERT INTO PZC (PZC,DESCRIPTION,PZC_CAT_ID) VALUES ('022','Erhängen',113);
INSERT INTO PZC (PZC,DESCRIPTION,PZC_CAT_ID) VALUES ('023','Fluggeräteunfall',113);
INSERT INTO PZC (PZC,DESCRIPTION,PZC_CAT_ID) VALUES ('024','Hausunfall',113);
INSERT INTO PZC (PZC,DESCRIPTION,PZC_CAT_ID) VALUES ('025','Schiff / Bootunfall',113);
INSERT INTO PZC (PZC,DESCRIPTION,PZC_CAT_ID) VALUES ('026','Schulunfall',113);
INSERT INTO PZC (PZC,DESCRIPTION,PZC_CAT_ID) VALUES ('027','Schussverletzung',113);
INSERT INTO PZC (PZC,DESCRIPTION,PZC_CAT_ID) VALUES ('028','Sportunfall',113);
INSERT INTO PZC (PZC,DESCRIPTION,PZC_CAT_ID) VALUES ('029','Stich- / Schnittverletzung',113);
INSERT INTO PZC (PZC,DESCRIPTION,PZC_CAT_ID) VALUES ('030','Sturz < 3m Höhe',113);
INSERT INTO PZC (PZC,DESCRIPTION,PZC_CAT_ID) VALUES ('031','Sturz > 3m Höhe',113);
INSERT INTO PZC (PZC,DESCRIPTION,PZC_CAT_ID) VALUES ('032','Unfall 2 bis 4 Verletzte',113);
INSERT INTO PZC (PZC,DESCRIPTION,PZC_CAT_ID) VALUES ('033','Unfall > 4 Verletzte',113);
INSERT INTO PZC (PZC,DESCRIPTION,PZC_CAT_ID) VALUES ('034','Unfall eingeklemmte Person',113);
INSERT INTO PZC (PZC,DESCRIPTION,PZC_CAT_ID) VALUES ('035','VU mit Fußgänger',113);
INSERT INTO PZC (PZC,DESCRIPTION,PZC_CAT_ID) VALUES ('036','VU mit Zweirad',113);
INSERT INTO PZC (PZC,DESCRIPTION,PZC_CAT_ID) VALUES ('037','VU Verletzte Person',113);
INSERT INTO PZC (PZC,DESCRIPTION,PZC_CAT_ID) VALUES ('038','VU mit PKW',113);
INSERT INTO PZC (PZC,DESCRIPTION,PZC_CAT_ID) VALUES ('039','Vu mit LKW/Bus',113);
INSERT INTO PZC (PZC,DESCRIPTION,PZC_CAT_ID) VALUES ('040','VU Hochgeschwindigkeit',113);
INSERT INTO PZC (PZC,DESCRIPTION,PZC_CAT_ID) VALUES ('041','Unfall auf Gehweg / Strasse',113);
INSERT INTO PZC (PZC,DESCRIPTION,PZC_CAT_ID) VALUES ('042','Reitunfall',113);
INSERT INTO PZC (PZC,DESCRIPTION,PZC_CAT_ID) VALUES ('043','Treppensturz',113);
INSERT INTO PZC (PZC,DESCRIPTION,PZC_CAT_ID) VALUES ('044','Tierbissverletzung',113);
INSERT INTO PZC (PZC,DESCRIPTION,PZC_CAT_ID) VALUES ('045','Körperverletzung',113);
INSERT INTO PZC (PZC,DESCRIPTION,PZC_CAT_ID) VALUES ('046','Alkoholentzug',113);
INSERT INTO PZC (PZC,DESCRIPTION,PZC_CAT_ID) VALUES ('047','Unterstützung Pflegedienst',113);
INSERT INTO PZC (PZC,DESCRIPTION,PZC_CAT_ID) VALUES ('049','unklarer Einsatzgrund',113);
INSERT INTO PZC (PZC,DESCRIPTION,PZC_CAT_ID) VALUES ('090','ABC-Einsatz',114);
INSERT INTO PZC (PZC,DESCRIPTION,PZC_CAT_ID) VALUES ('091','Brand / FW - Einsatz',114);
INSERT INTO PZC (PZC,DESCRIPTION,PZC_CAT_ID) VALUES ('092','Evakuierung',114);
INSERT INTO PZC (PZC,DESCRIPTION,PZC_CAT_ID) VALUES ('093','Polizei - Einsatz',114);
INSERT INTO PZC (PZC,DESCRIPTION,PZC_CAT_ID) VALUES ('094','SEG - Einsatz',114);
INSERT INTO PZC (PZC,DESCRIPTION,PZC_CAT_ID) VALUES ('095','Straftat',114);
INSERT INTO PZC (PZC,DESCRIPTION,PZC_CAT_ID) VALUES ('096','Fußstreife',114);
INSERT INTO PZC (PZC,DESCRIPTION,PZC_CAT_ID) VALUES ('099','Fremdbesetzung / Risikoabdeckung',114);
INSERT INTO PZC (PZC,DESCRIPTION,PZC_CAT_ID) VALUES ('100','Bereitstellung Polizeieinsatz (Informationen über Telefon)',114);
INSERT INTO PZC (PZC,DESCRIPTION,PZC_CAT_ID) VALUES ('101','CO-Einsatz< 33 ppm',114);
INSERT INTO PZC (PZC,DESCRIPTION,PZC_CAT_ID) VALUES ('102','CO-Einsatz >33 ppm< 83ppm',114);
INSERT INTO PZC (PZC,DESCRIPTION,PZC_CAT_ID) VALUES ('103','CO-Einsatz > 83 ppm',114);
INSERT INTO PZC (PZC,DESCRIPTION,PZC_CAT_ID) VALUES ('110','primäre Todesfeststellung',115);
INSERT INTO PZC (PZC,DESCRIPTION,PZC_CAT_ID) VALUES ('121','Rea ohne ROSC',115);
INSERT INTO PZC (PZC,DESCRIPTION,PZC_CAT_ID) VALUES ('122','Rea mit ROSC (Tod am EO)',115);
INSERT INTO PZC (PZC,DESCRIPTION,PZC_CAT_ID) VALUES ('123','Rea mit ROSC (Tod auf Trsp.)',115);
INSERT INTO PZC (PZC,DESCRIPTION,PZC_CAT_ID) VALUES ('130','Reanimation telefonisch angeleitet',116);
INSERT INTO PZC (PZC,DESCRIPTION,PZC_CAT_ID) VALUES ('131','Reanimation, laufend / intermittierend',116);
INSERT INTO PZC (PZC,DESCRIPTION,PZC_CAT_ID) VALUES ('132','Reanimation ROSC',116);
INSERT INTO PZC (PZC,DESCRIPTION,PZC_CAT_ID) VALUES ('133','Reanimation bei Trauma, laufend /intermittierend',116);
INSERT INTO PZC (PZC,DESCRIPTION,PZC_CAT_ID) VALUES ('201','Trauma allgemein',117);
INSERT INTO PZC (PZC,DESCRIPTION,PZC_CAT_ID) VALUES ('202','Trauma schwer',117);
INSERT INTO PZC (PZC,DESCRIPTION,PZC_CAT_ID) VALUES ('203','Blutung leicht',117);
INSERT INTO PZC (PZC,DESCRIPTION,PZC_CAT_ID) VALUES ('204','Blutung stark',117);
INSERT INTO PZC (PZC,DESCRIPTION,PZC_CAT_ID) VALUES ('205','Volumenmangelschock',117);
INSERT INTO PZC (PZC,DESCRIPTION,PZC_CAT_ID) VALUES ('211','Polytrauma mit SHT',118);
INSERT INTO PZC (PZC,DESCRIPTION,PZC_CAT_ID) VALUES ('212','Polytrauma ohne SHT',118);
INSERT INTO PZC (PZC,DESCRIPTION,PZC_CAT_ID) VALUES ('213','Schockraumindikation nach Unfallhergang',118);
INSERT INTO PZC (PZC,DESCRIPTION,PZC_CAT_ID) VALUES ('214','Mehrfachverletzung sonstige',118);
INSERT INTO PZC (PZC,DESCRIPTION,PZC_CAT_ID) VALUES ('215','Mehrfachverletzung mit Augen',118);
INSERT INTO PZC (PZC,DESCRIPTION,PZC_CAT_ID) VALUES ('219','oberflächliche Verletzungen (bel. Lokalisaton)',118);
INSERT INTO PZC (PZC,DESCRIPTION,PZC_CAT_ID) VALUES ('220','Gesichtschädeltrauma',119);
INSERT INTO PZC (PZC,DESCRIPTION,PZC_CAT_ID) VALUES ('221','SHT offen',119);
INSERT INTO PZC (PZC,DESCRIPTION,PZC_CAT_ID) VALUES ('222','SHT geschlossen',119);
INSERT INTO PZC (PZC,DESCRIPTION,PZC_CAT_ID) VALUES ('223','Gesichtsverletzung',119);
INSERT INTO PZC (PZC,DESCRIPTION,PZC_CAT_ID) VALUES ('224','Kopfverletzung',119);
INSERT INTO PZC (PZC,DESCRIPTION,PZC_CAT_ID) VALUES ('225','Augenverletzung',119);
INSERT INTO PZC (PZC,DESCRIPTION,PZC_CAT_ID) VALUES ('231','Thorax penetrierend',120);
INSERT INTO PZC (PZC,DESCRIPTION,PZC_CAT_ID) VALUES ('232','Thorax geschlossen/stumpf',120);
INSERT INTO PZC (PZC,DESCRIPTION,PZC_CAT_ID) VALUES ('233','Pneumothorax (traumatisch)',120);
INSERT INTO PZC (PZC,DESCRIPTION,PZC_CAT_ID) VALUES ('234','Rippenverletzung',120);
INSERT INTO PZC (PZC,DESCRIPTION,PZC_CAT_ID) VALUES ('241','Abdomen penetrierend',121);
INSERT INTO PZC (PZC,DESCRIPTION,PZC_CAT_ID) VALUES ('242','Abdomen geschlossen/stumpf',121);
INSERT INTO PZC (PZC,DESCRIPTION,PZC_CAT_ID) VALUES ('243','Akutes Abdomen (nicht traumatisch)',121);
INSERT INTO PZC (PZC,DESCRIPTION,PZC_CAT_ID) VALUES ('244','Appendizitis',121);
INSERT INTO PZC (PZC,DESCRIPTION,PZC_CAT_ID) VALUES ('245','Katheterwechsel > PEG - Sonde',121);
INSERT INTO PZC (PZC,DESCRIPTION,PZC_CAT_ID) VALUES ('251','Verl. der Wirbelsäule mit neurologischen Ausfällen',122);
INSERT INTO PZC (PZC,DESCRIPTION,PZC_CAT_ID) VALUES ('252','Verl. der Wirbelsäule ohne neurologischen Ausfälle',122);
INSERT INTO PZC (PZC,DESCRIPTION,PZC_CAT_ID) VALUES ('253','Rückenschmerzen, akut mit neurologischer Symptomatik',122);
INSERT INTO PZC (PZC,DESCRIPTION,PZC_CAT_ID) VALUES ('254','Rückenschmerzen nicht traumatisch ohne neurologische Ausfälle',122);
INSERT INTO PZC (PZC,DESCRIPTION,PZC_CAT_ID) VALUES ('255','Lähmung/Querschnitt akut (nicht Stroke)',122);
INSERT INTO PZC (PZC,DESCRIPTION,PZC_CAT_ID) VALUES ('261','Becken offen',123);
INSERT INTO PZC (PZC,DESCRIPTION,PZC_CAT_ID) VALUES ('262','Becken geschlossen',123);
INSERT INTO PZC (PZC,DESCRIPTION,PZC_CAT_ID) VALUES ('263','Urogenitaltrauma (isoliert)',123);
INSERT INTO PZC (PZC,DESCRIPTION,PZC_CAT_ID) VALUES ('270','Fußverletzung',124);
INSERT INTO PZC (PZC,DESCRIPTION,PZC_CAT_ID) VALUES ('271','Extremitäten offen',124);
INSERT INTO PZC (PZC,DESCRIPTION,PZC_CAT_ID) VALUES ('272','Extremitäten geschlossen',124);
INSERT INTO PZC (PZC,DESCRIPTION,PZC_CAT_ID) VALUES ('273','Hüft-/Schenkelhalsfraktur',124);
INSERT INTO PZC (PZC,DESCRIPTION,PZC_CAT_ID) VALUES ('274','Verl. d. Extrem. m. Gefäß-/Nervenverl.',124);
INSERT INTO PZC (PZC,DESCRIPTION,PZC_CAT_ID) VALUES ('275','Handverletzung',124);
INSERT INTO PZC (PZC,DESCRIPTION,PZC_CAT_ID) VALUES ('276','Finger Amputation',124);
INSERT INTO PZC (PZC,DESCRIPTION,PZC_CAT_ID) VALUES ('277','Hand-/Extremitäten Amputation',124);
INSERT INTO PZC (PZC,DESCRIPTION,PZC_CAT_ID) VALUES ('278','Armverletzung',124);
INSERT INTO PZC (PZC,DESCRIPTION,PZC_CAT_ID) VALUES ('279','Beinverletzung',124);
INSERT INTO PZC (PZC,DESCRIPTION,PZC_CAT_ID) VALUES ('281','Verbrennung / Verbrühung',125);
INSERT INTO PZC (PZC,DESCRIPTION,PZC_CAT_ID) VALUES ('282','Verätzung',125);
INSERT INTO PZC (PZC,DESCRIPTION,PZC_CAT_ID) VALUES ('283','Hochspannungstrauma',125);
INSERT INTO PZC (PZC,DESCRIPTION,PZC_CAT_ID) VALUES ('284','Barotrauma / Tauchunfall / Dekompressionskrankheit',125);
INSERT INTO PZC (PZC,DESCRIPTION,PZC_CAT_ID) VALUES ('285','Strahlentrauma',125);
INSERT INTO PZC (PZC,DESCRIPTION,PZC_CAT_ID) VALUES ('286','Hitzeerschöpfung / Hitzschlag',125);
INSERT INTO PZC (PZC,DESCRIPTION,PZC_CAT_ID) VALUES ('287','Unterkühlung / Erfrierung',125);
INSERT INTO PZC (PZC,DESCRIPTION,PZC_CAT_ID) VALUES ('288','(Beinahe-)Ertrinken / Badeunfall',125);
INSERT INTO PZC (PZC,DESCRIPTION,PZC_CAT_ID) VALUES ('289','Inhaltionstrauma',125);
INSERT INTO PZC (PZC,DESCRIPTION,PZC_CAT_ID) VALUES ('291','Aortenaneurysma',126);
INSERT INTO PZC (PZC,DESCRIPTION,PZC_CAT_ID) VALUES ('292','Extremitätenischaemie (akut)',126);
INSERT INTO PZC (PZC,DESCRIPTION,PZC_CAT_ID) VALUES ('293','Aorta ascendens Dissektion (bestätigt)',126);
INSERT INTO PZC (PZC,DESCRIPTION,PZC_CAT_ID) VALUES ('299','Gefäßchirurgischer Notfall, sonstiger',126);
INSERT INTO PZC (PZC,DESCRIPTION,PZC_CAT_ID) VALUES ('311','Atemnot (unklar)/Atembeschwerden/ARI',127);
INSERT INTO PZC (PZC,DESCRIPTION,PZC_CAT_ID) VALUES ('312','Obstruktion (Asthma / COPD)',127);
INSERT INTO PZC (PZC,DESCRIPTION,PZC_CAT_ID) VALUES ('313','Hämoptoe/Hämoptysen',127);
INSERT INTO PZC (PZC,DESCRIPTION,PZC_CAT_ID) VALUES ('314','(Bolus-) Aspiration',127);
INSERT INTO PZC (PZC,DESCRIPTION,PZC_CAT_ID) VALUES ('315','Bronchitis/Pneumonie',127);
INSERT INTO PZC (PZC,DESCRIPTION,PZC_CAT_ID) VALUES ('316','Hyperventilation',127);
INSERT INTO PZC (PZC,DESCRIPTION,PZC_CAT_ID) VALUES ('317','Lungenödem (nicht kardial)',127);
INSERT INTO PZC (PZC,DESCRIPTION,PZC_CAT_ID) VALUES ('318','Spontanpneumothorax',127);
INSERT INTO PZC (PZC,DESCRIPTION,PZC_CAT_ID) VALUES ('319','Pneumologischer Notfall, sonstiger',127);
INSERT INTO PZC (PZC,DESCRIPTION,PZC_CAT_ID) VALUES ('321','Anaphylaxie/Unverträglichkeitsreaktion',127);
INSERT INTO PZC (PZC,DESCRIPTION,PZC_CAT_ID) VALUES ('322','Synkope/Kollaps',127);
INSERT INTO PZC (PZC,DESCRIPTION,PZC_CAT_ID) VALUES ('323','Hypotonie',127);
INSERT INTO PZC (PZC,DESCRIPTION,PZC_CAT_ID) VALUES ('324','Thrombose',127);
INSERT INTO PZC (PZC,DESCRIPTION,PZC_CAT_ID) VALUES ('325','unklares Fieber',127);
INSERT INTO PZC (PZC,DESCRIPTION,PZC_CAT_ID) VALUES ('326','Exsikkose',127);
INSERT INTO PZC (PZC,DESCRIPTION,PZC_CAT_ID) VALUES ('327','Anaphylaktischer Schock',127);
INSERT INTO PZC (PZC,DESCRIPTION,PZC_CAT_ID) VALUES ('329','Internistischer Notfall, sonstiger',127);
INSERT INTO PZC (PZC,DESCRIPTION,PZC_CAT_ID) VALUES ('331','unklarer Brust-/Thoraxschmerz',128);
INSERT INTO PZC (PZC,DESCRIPTION,PZC_CAT_ID) VALUES ('332','STEMI/"OMI"*',128);
INSERT INTO PZC (PZC,DESCRIPTION,PZC_CAT_ID) VALUES ('333','NSTEMI, instabile AP',128);
INSERT INTO PZC (PZC,DESCRIPTION,PZC_CAT_ID) VALUES ('341','Arrhythmie',129);
INSERT INTO PZC (PZC,DESCRIPTION,PZC_CAT_ID) VALUES ('342','Bradykardie',129);
INSERT INTO PZC (PZC,DESCRIPTION,PZC_CAT_ID) VALUES ('343','Tachykardie',129);
INSERT INTO PZC (PZC,DESCRIPTION,PZC_CAT_ID) VALUES ('344','Elektounfall (Schwachstrom)',129);
INSERT INTO PZC (PZC,DESCRIPTION,PZC_CAT_ID) VALUES ('345','Hypertensiver Notfall/Krise',129);
INSERT INTO PZC (PZC,DESCRIPTION,PZC_CAT_ID) VALUES ('346','Kardiogener Schock',129);
INSERT INTO PZC (PZC,DESCRIPTION,PZC_CAT_ID) VALUES ('347','Herzinsuffizienz',129);
INSERT INTO PZC (PZC,DESCRIPTION,PZC_CAT_ID) VALUES ('348','Lungenembolie',129);
INSERT INTO PZC (PZC,DESCRIPTION,PZC_CAT_ID) VALUES ('349','Kardiologischer Notfall, sonstiger',129);
INSERT INTO PZC (PZC,DESCRIPTION,PZC_CAT_ID) VALUES ('351','GI-Blutung',130);
INSERT INTO PZC (PZC,DESCRIPTION,PZC_CAT_ID) VALUES ('352','Akut',130);
INSERT INTO PZC (PZC,DESCRIPTION,PZC_CAT_ID) VALUES ('353','Bauchschmerzen',130);
INSERT INTO PZC (PZC,DESCRIPTION,PZC_CAT_ID) VALUES ('354','Gastroenteritis',130);
INSERT INTO PZC (PZC,DESCRIPTION,PZC_CAT_ID) VALUES ('355','Ileus',130);
INSERT INTO PZC (PZC,DESCRIPTION,PZC_CAT_ID) VALUES ('359','Gastroenterologischer Notfall, sonstiger',130);
INSERT INTO PZC (PZC,DESCRIPTION,PZC_CAT_ID) VALUES ('360','Rauchgas/Reizgas (nicht CO)',131);
INSERT INTO PZC (PZC,DESCRIPTION,PZC_CAT_ID) VALUES ('361','Alkohol',131);
INSERT INTO PZC (PZC,DESCRIPTION,PZC_CAT_ID) VALUES ('362','Drogen / Rauschgift',131);
INSERT INTO PZC (PZC,DESCRIPTION,PZC_CAT_ID) VALUES ('363','Mischintoxikation Alkohol/Drogen/Medikament',131);
INSERT INTO PZC (PZC,DESCRIPTION,PZC_CAT_ID) VALUES ('364','Lebensmittel',131);
INSERT INTO PZC (PZC,DESCRIPTION,PZC_CAT_ID) VALUES ('365','Medikamente',131);
INSERT INTO PZC (PZC,DESCRIPTION,PZC_CAT_ID) VALUES ('366','Pflanzenschutzmittel',131);
INSERT INTO PZC (PZC,DESCRIPTION,PZC_CAT_ID) VALUES ('367','tierische Gifte',131);
INSERT INTO PZC (PZC,DESCRIPTION,PZC_CAT_ID) VALUES ('368','Giftpflanzen',131);
INSERT INTO PZC (PZC,DESCRIPTION,PZC_CAT_ID) VALUES ('369','Inhalative Intoxikation, sonstige',131);
INSERT INTO PZC (PZC,DESCRIPTION,PZC_CAT_ID) VALUES ('370','Kohlenmonoxid-Vergiftung',131);
INSERT INTO PZC (PZC,DESCRIPTION,PZC_CAT_ID) VALUES ('371','Meningitis / Enzephalitis',132);
INSERT INTO PZC (PZC,DESCRIPTION,PZC_CAT_ID) VALUES ('372','TBC',132);
INSERT INTO PZC (PZC,DESCRIPTION,PZC_CAT_ID) VALUES ('373','Sepsis (Infekt + qSOFA mind. 2)',132);
INSERT INTO PZC (PZC,DESCRIPTION,PZC_CAT_ID) VALUES ('374','Septischer Schock',132);
INSERT INTO PZC (PZC,DESCRIPTION,PZC_CAT_ID) VALUES ('375','hochkontagiöse Erkrankung (Sonderiso)',132);
INSERT INTO PZC (PZC,DESCRIPTION,PZC_CAT_ID) VALUES ('376','Covid-19 - SARS-CoV 2 (best.) - aktuelle Infektionskrankheit (best.)',132);
INSERT INTO PZC (PZC,DESCRIPTION,PZC_CAT_ID) VALUES ('377','Covid-19 - SARS-CoV 2 (n. best.) - aktuelleInfektionskrankheit (n. best.)',132);
INSERT INTO PZC (PZC,DESCRIPTION,PZC_CAT_ID) VALUES ('378','SARS-CoV 2 zur Quarant. - aktuelle Infektionskrankheit zur Quarant.',132);
INSERT INTO PZC (PZC,DESCRIPTION,PZC_CAT_ID) VALUES ('379','Infektiologischer Notfall, sonstiger',132);
INSERT INTO PZC (PZC,DESCRIPTION,PZC_CAT_ID) VALUES ('380','Infekt (fieberhaft)',132);
INSERT INTO PZC (PZC,DESCRIPTION,PZC_CAT_ID) VALUES ('391','Akuter endokrinologischer Notfall',133);
INSERT INTO PZC (PZC,DESCRIPTION,PZC_CAT_ID) VALUES ('392','Hyperglykämie',133);
INSERT INTO PZC (PZC,DESCRIPTION,PZC_CAT_ID) VALUES ('393','Hypoglykämie',133);
INSERT INTO PZC (PZC,DESCRIPTION,PZC_CAT_ID) VALUES ('411','anhaltender epileptischer Anfall',134);
INSERT INTO PZC (PZC,DESCRIPTION,PZC_CAT_ID) VALUES ('412','Epileptischer Anfall (stattgehabt)',134);
INSERT INTO PZC (PZC,DESCRIPTION,PZC_CAT_ID) VALUES ('413','Kopf-/Gesichtsschmerz (bei SK 1 NC!)',134);
INSERT INTO PZC (PZC,DESCRIPTION,PZC_CAT_ID) VALUES ('414','Vigilanzminderung/Koma (ohne Trauma)',134);
INSERT INTO PZC (PZC,DESCRIPTION,PZC_CAT_ID) VALUES ('415','Schwindel',134);
INSERT INTO PZC (PZC,DESCRIPTION,PZC_CAT_ID) VALUES ('419','Neurologischer Notfall, sonstiger',134);
INSERT INTO PZC (PZC,DESCRIPTION,PZC_CAT_ID) VALUES ('421','Schlaganfall / Blutung: < 24 h oder unklar',135);
INSERT INTO PZC (PZC,DESCRIPTION,PZC_CAT_ID) VALUES ('423','Schlaganfall / Blutung: > 24h',135);
INSERT INTO PZC (PZC,DESCRIPTION,PZC_CAT_ID) VALUES ('425','diagnostizierter Cerebraler Gefäßverschluss zur Thrombektomie',135);
INSERT INTO PZC (PZC,DESCRIPTION,PZC_CAT_ID) VALUES ('431','Suizid, angedroht',136);
INSERT INTO PZC (PZC,DESCRIPTION,PZC_CAT_ID) VALUES ('432','Einweisung, psychiatrische',136);
INSERT INTO PZC (PZC,DESCRIPTION,PZC_CAT_ID) VALUES ('433','Enweisung (nach LandesPsychKG)',136);
INSERT INTO PZC (PZC,DESCRIPTION,PZC_CAT_ID) VALUES ('434','Enweisung (nach LandesPsychKG) mit Fixierung',136);
INSERT INTO PZC (PZC,DESCRIPTION,PZC_CAT_ID) VALUES ('435','Akute Verwirrtheit / Delir',136);
INSERT INTO PZC (PZC,DESCRIPTION,PZC_CAT_ID) VALUES ('436','Psychischer Ausnahmezustand',136);
INSERT INTO PZC (PZC,DESCRIPTION,PZC_CAT_ID) VALUES ('511','pädiatrisch - Atemnot',137);
INSERT INTO PZC (PZC,DESCRIPTION,PZC_CAT_ID) VALUES ('512','schwerer Husten (Pseudokrupp)',137);
INSERT INTO PZC (PZC,DESCRIPTION,PZC_CAT_ID) VALUES ('513','pädiatrisch - Fieberkrampf',137);
INSERT INTO PZC (PZC,DESCRIPTION,PZC_CAT_ID) VALUES ('519','Pädiatrischer Notfall, sonstiger',137);
INSERT INTO PZC (PZC,DESCRIPTION,PZC_CAT_ID) VALUES ('521','< 16 SSW',138);
INSERT INTO PZC (PZC,DESCRIPTION,PZC_CAT_ID) VALUES ('522','16+0 SSW bis 21+6 SSW',138);
INSERT INTO PZC (PZC,DESCRIPTION,PZC_CAT_ID) VALUES ('523','22+0 SSW bis 28+6 SSW',138);
INSERT INTO PZC (PZC,DESCRIPTION,PZC_CAT_ID) VALUES ('524','29+0 SSW bis 31+6 SSW',138);
INSERT INTO PZC (PZC,DESCRIPTION,PZC_CAT_ID) VALUES ('525','32+0 SSW bis 35+6 SSW und jede Wachstumsstörung des Feten',138);
INSERT INTO PZC (PZC,DESCRIPTION,PZC_CAT_ID) VALUES ('526','ab 36+0 SSW',138);
INSERT INTO PZC (PZC,DESCRIPTION,PZC_CAT_ID) VALUES ('527','ab 36+0 SSW bei Diabetes',138);
INSERT INTO PZC (PZC,DESCRIPTION,PZC_CAT_ID) VALUES ('528','Drillinge bis 32+6 SSW, alle über 3 Mehrlinge',138);
INSERT INTO PZC (PZC,DESCRIPTION,PZC_CAT_ID) VALUES ('529','Drillinge ab 33+0 SSW',138);
INSERT INTO PZC (PZC,DESCRIPTION,PZC_CAT_ID) VALUES ('530','akute fetale Gefährdung, Erstversorgung ggf. in ungeeigneter Klinik',139);
INSERT INTO PZC (PZC,DESCRIPTION,PZC_CAT_ID) VALUES ('531','< 16 SSW',139);
INSERT INTO PZC (PZC,DESCRIPTION,PZC_CAT_ID) VALUES ('532','16+0 SSW bis 21+6 SSW',139);
INSERT INTO PZC (PZC,DESCRIPTION,PZC_CAT_ID) VALUES ('533','22+0 SSW bis 28+6 SSW',139);
INSERT INTO PZC (PZC,DESCRIPTION,PZC_CAT_ID) VALUES ('534','29+0 SSW bis 31+6 SSW',139);
INSERT INTO PZC (PZC,DESCRIPTION,PZC_CAT_ID) VALUES ('535','32+0 SSW bis 35+6 SSW und jede Wachstumsstörung des Feten',139);
INSERT INTO PZC (PZC,DESCRIPTION,PZC_CAT_ID) VALUES ('536','ab 36+0 SSW',139);
INSERT INTO PZC (PZC,DESCRIPTION,PZC_CAT_ID) VALUES ('537','ab 36+0 SSW bei Diabetes',139);
INSERT INTO PZC (PZC,DESCRIPTION,PZC_CAT_ID) VALUES ('538','Drillinge bis 32+6 SSW, alle über 3 Mehrlinge',139);
INSERT INTO PZC (PZC,DESCRIPTION,PZC_CAT_ID) VALUES ('539','Drillinge ab 33+0 SSW',139);
INSERT INTO PZC (PZC,DESCRIPTION,PZC_CAT_ID) VALUES ('540','akute fetale Gefährdung, Erstversorgung ggf. in ungeeigneter Klinik',140);
INSERT INTO PZC (PZC,DESCRIPTION,PZC_CAT_ID) VALUES ('541','< 16 SSW',140);
INSERT INTO PZC (PZC,DESCRIPTION,PZC_CAT_ID) VALUES ('542','16+0 SSW bis 21+6 SSW',140);
INSERT INTO PZC (PZC,DESCRIPTION,PZC_CAT_ID) VALUES ('543','22+0 SSW bis 28+6 SSW',140);
INSERT INTO PZC (PZC,DESCRIPTION,PZC_CAT_ID) VALUES ('544','29+0 SSW bis 31+6 SSW',140);
INSERT INTO PZC (PZC,DESCRIPTION,PZC_CAT_ID) VALUES ('545','32+0 SSW bis 35+6 SSW und jede Wachstumsstörung des Feten',140);
INSERT INTO PZC (PZC,DESCRIPTION,PZC_CAT_ID) VALUES ('546','ab 36 +0 SSW',140);
INSERT INTO PZC (PZC,DESCRIPTION,PZC_CAT_ID) VALUES ('547','ab 36+0 SSW bei Diabetes',140);
INSERT INTO PZC (PZC,DESCRIPTION,PZC_CAT_ID) VALUES ('548','Drillinge bis 32+6 SSW, alle über 3 Mehrlinge',140);
INSERT INTO PZC (PZC,DESCRIPTION,PZC_CAT_ID) VALUES ('549','Drillinge ab 33+0 SSW',140);
INSERT INTO PZC (PZC,DESCRIPTION,PZC_CAT_ID) VALUES ('551','vaginale Blutung',141);
INSERT INTO PZC (PZC,DESCRIPTION,PZC_CAT_ID) VALUES ('552','Unterbauchschmerzen',141);
INSERT INTO PZC (PZC,DESCRIPTION,PZC_CAT_ID) VALUES ('553','Sexualdelikt',141);
INSERT INTO PZC (PZC,DESCRIPTION,PZC_CAT_ID) VALUES ('559','Gynäkologischer Notfall, sonstiger',141);
INSERT INTO PZC (PZC,DESCRIPTION,PZC_CAT_ID) VALUES ('601','Transport zu definierten Leistungen',142);
INSERT INTO PZC (PZC,DESCRIPTION,PZC_CAT_ID) VALUES ('602','Dialyse',142);
INSERT INTO PZC (PZC,DESCRIPTION,PZC_CAT_ID) VALUES ('603','Herzkatheter',142);
INSERT INTO PZC (PZC,DESCRIPTION,PZC_CAT_ID) VALUES ('604','CT',142);
INSERT INTO PZC (PZC,DESCRIPTION,PZC_CAT_ID) VALUES ('605','MRT',142);
INSERT INTO PZC (PZC,DESCRIPTION,PZC_CAT_ID) VALUES ('606','Bestrahlung',142);
INSERT INTO PZC (PZC,DESCRIPTION,PZC_CAT_ID) VALUES ('607','Röntgenkontrolle',142);
INSERT INTO PZC (PZC,DESCRIPTION,PZC_CAT_ID) VALUES ('608','Tragehilfe',142);
INSERT INTO PZC (PZC,DESCRIPTION,PZC_CAT_ID) VALUES ('609','Infektionstransport',142);
INSERT INTO PZC (PZC,DESCRIPTION,PZC_CAT_ID) VALUES ('610','Einweisung',143);
INSERT INTO PZC (PZC,DESCRIPTION,PZC_CAT_ID) VALUES ('611','Adipositastransport',143);
INSERT INTO PZC (PZC,DESCRIPTION,PZC_CAT_ID) VALUES ('621','Entlassung',144);
INSERT INTO PZC (PZC,DESCRIPTION,PZC_CAT_ID) VALUES ('622','Rücktransport',144);
INSERT INTO PZC (PZC,DESCRIPTION,PZC_CAT_ID) VALUES ('623','Verlegung KTW',144);
INSERT INTO PZC (PZC,DESCRIPTION,PZC_CAT_ID) VALUES ('624','(Notfall-)Verlegung RTW',144);
INSERT INTO PZC (PZC,DESCRIPTION,PZC_CAT_ID) VALUES ('632','Inkubatortransport',145);
INSERT INTO PZC (PZC,DESCRIPTION,PZC_CAT_ID) VALUES ('634','1-Notfallverlegung ITW',145);
INSERT INTO PZC (PZC,DESCRIPTION,PZC_CAT_ID) VALUES ('635','2-Notfallverlegung ITW',145);
INSERT INTO PZC (PZC,DESCRIPTION,PZC_CAT_ID) VALUES ('636','3-Notfallverlegung ITW',145);
INSERT INTO PZC (PZC,DESCRIPTION,PZC_CAT_ID) VALUES ('637','1-Notfallverlegung VEF/RTW',145);
INSERT INTO PZC (PZC,DESCRIPTION,PZC_CAT_ID) VALUES ('638','2-Notfallverlegung VEF/RTW',145);
INSERT INTO PZC (PZC,DESCRIPTION,PZC_CAT_ID) VALUES ('639','3-Notfallverlegung VEF/RTW',145);
INSERT INTO PZC (PZC,DESCRIPTION,PZC_CAT_ID) VALUES ('640','1-Notfallverlegung NEF/RTW',145);
INSERT INTO PZC (PZC,DESCRIPTION,PZC_CAT_ID) VALUES ('641','2-Notfallverlegung NEF/RTW',145);
INSERT INTO PZC (PZC,DESCRIPTION,PZC_CAT_ID) VALUES ('642','3-Notfallverlegung NEF/RTW',145);
INSERT INTO PZC (PZC,DESCRIPTION,PZC_CAT_ID) VALUES ('643','1-Notfallverlegung RTH',145);
INSERT INTO PZC (PZC,DESCRIPTION,PZC_CAT_ID) VALUES ('644','2-Notfallverlegung RTH',145);
INSERT INTO PZC (PZC,DESCRIPTION,PZC_CAT_ID) VALUES ('645','3-Notfallverlegung RTH',145);
INSERT INTO PZC (PZC,DESCRIPTION,PZC_CAT_ID) VALUES ('646','1-Notfallverlegung Klinikarzt',145);
INSERT INTO PZC (PZC,DESCRIPTION,PZC_CAT_ID) VALUES ('648','3-Notfallverlegung Klinikarzt',145);
INSERT INTO PZC (PZC,DESCRIPTION,PZC_CAT_ID) VALUES ('701','Haut- und Geschlechtskrankheiten',146);
INSERT INTO PZC (PZC,DESCRIPTION,PZC_CAT_ID) VALUES ('711','Nieren- Harnleiterkolik',147);
INSERT INTO PZC (PZC,DESCRIPTION,PZC_CAT_ID) VALUES ('712','Hodenschmerz',147);
INSERT INTO PZC (PZC,DESCRIPTION,PZC_CAT_ID) VALUES ('713','Harnverhalt (akut)',147);
INSERT INTO PZC (PZC,DESCRIPTION,PZC_CAT_ID) VALUES ('714','Hämaturie',147);
INSERT INTO PZC (PZC,DESCRIPTION,PZC_CAT_ID) VALUES ('715','Katheterwechsel (transurethral)',147);
INSERT INTO PZC (PZC,DESCRIPTION,PZC_CAT_ID) VALUES ('716','Katheterwechsel (suprapubisch)',147);
INSERT INTO PZC (PZC,DESCRIPTION,PZC_CAT_ID) VALUES ('717','Katheterverlust/-verstopfung',147);
INSERT INTO PZC (PZC,DESCRIPTION,PZC_CAT_ID) VALUES ('718','Harnwegsinfekt',147);
INSERT INTO PZC (PZC,DESCRIPTION,PZC_CAT_ID) VALUES ('719','Urologischer Notfall, sonstiger',147);
INSERT INTO PZC (PZC,DESCRIPTION,PZC_CAT_ID) VALUES ('721','Akute Augenerkrankung',148);
INSERT INTO PZC (PZC,DESCRIPTION,PZC_CAT_ID) VALUES ('729','Augennotfall, sonstiger',148);
INSERT INTO PZC (PZC,DESCRIPTION,PZC_CAT_ID) VALUES ('731','Nasenbluten (Epistaxis) unstillbar',149);
INSERT INTO PZC (PZC,DESCRIPTION,PZC_CAT_ID) VALUES ('732','(Nach)Blutung, HNO, akut',149);
INSERT INTO PZC (PZC,DESCRIPTION,PZC_CAT_ID) VALUES ('733','Tracheostoma-Komplikation',149);
INSERT INTO PZC (PZC,DESCRIPTION,PZC_CAT_ID) VALUES ('739','HNO Notfall, sonstiger',149);
INSERT INTO PZC (PZC,DESCRIPTION,PZC_CAT_ID) VALUES ('749','Mund-Kiefer-Gesicht-Notfall, sonstiger',150);
INSERT INTO PZC (PZC,DESCRIPTION,PZC_CAT_ID) VALUES ('751','Geriatrische Einweisung',151);
INSERT INTO PZC (PZC,DESCRIPTION,PZC_CAT_ID) VALUES ('779','sonstige Nofallsituationen',152);
INSERT INTO PZC (PZC,DESCRIPTION,PZC_CAT_ID) VALUES ('801','Schmerz/Schwellung Bewegungsapparat (nicht traumatisch)',153);
INSERT INTO PZC (PZC,DESCRIPTION,PZC_CAT_ID) VALUES ('802','Schwellung/Abszeß sonstige Lokalisation',153);
INSERT INTO PZC (PZC,DESCRIPTION,PZC_CAT_ID) VALUES ('809','Allgemeinmedizin, sonstiger Notfall',153);
INSERT INTO PZC (PZC,DESCRIPTION,PZC_CAT_ID) VALUES ('900','R 5',154);
INSERT INTO PZC (PZC,DESCRIPTION,PZC_CAT_ID) VALUES ('901','R 10',154);
INSERT INTO PZC (PZC,DESCRIPTION,PZC_CAT_ID) VALUES ('902','R 20',154);
INSERT INTO PZC (PZC,DESCRIPTION,PZC_CAT_ID) VALUES ('903','R 30',154);
INSERT INTO PZC (PZC,DESCRIPTION,PZC_CAT_ID) VALUES ('904','R 40',154);
INSERT INTO PZC (PZC,DESCRIPTION,PZC_CAT_ID) VALUES ('905','R 50',154);
INSERT INTO PZC (PZC,DESCRIPTION,PZC_CAT_ID) VALUES ('906','R 75',154);
INSERT INTO PZC (PZC,DESCRIPTION,PZC_CAT_ID) VALUES ('907','R 100',154);
INSERT INTO PZC (PZC,DESCRIPTION,PZC_CAT_ID) VALUES ('908','R 125',154);
INSERT INTO PZC (PZC,DESCRIPTION,PZC_CAT_ID) VALUES ('909','R 150',154);
